lat,long,alt,time
-77.4207215,236.84074070000003,20,0
0,0,0,0
-0.003999999975690116,0.002000000023372195,-0.03000000000002956,0.1
-0.003999999975690116,0.002000000023372195,-0.03000000000002956,0.2
-0.008000000022434506,0.002000000023372195,-0.08000000000004093,0.30000000000000004
-0.008000000022434506,0.002000000023372195,-0.08000000000004093,0.4
-0.008000000022434506,0.002000000023372195,-0.08000000000004093,0.5
-0.009999999974752427,0.001000000082740371,-0.11000000000001364,0.6
-0.009999999974752427,0.001000000082740371,-0.11000000000001364,0.7
-0.011999999998124622,-0.002000000023372195,-0.12999999999999545,0.7999999999999999
-0.011999999998124622,-0.002000000023372195,-0.12999999999999545,0.8999999999999999
-0.011999999998124622,-0.002000000023372195,-0.12999999999999545,0.9999999999999999
-0.016999999985500835,-0.0049999999873762135,-0.12000000000000455,1.0999999999999999
-0.016999999985500835,-0.0049999999873762135,-0.12000000000000455,1.2
-0.02199999997287705,-0.010999999915384251,-0.10000000000002274,1.3
-0.02199999997287705,-0.010999999915384251,-0.10000000000002274,1.4000000000000001
-0.02199999997287705,-0.010999999915384251,-0.10000000000002274,1.5000000000000002
-0.026999999960253263,-0.01799999992613266,-0.10000000000002274,1.6000000000000003
-0.026999999960253263,-0.01799999992613266,-0.10000000000002274,1.7000000000000004
-0.029999999995311555,-0.023999999996249244,-0.08000000000004093,1.8000000000000005
-0.029999999995311555,-0.023999999996249244,-0.08000000000004093,1.9000000000000006
-0.029999999995311555,-0.023999999996249244,-0.08000000000004093,2.0000000000000004
-0.03399999997100167,-0.031999999947629476,-0.03000000000002956,2.1000000000000005
-0.03399999997100167,-0.031999999947629476,-0.03000000000002956,2.2000000000000006
-0.03800000001774606,-0.0419999999223819,0.009999999999990905,2.3000000000000007
-0.03800000001774606,-0.0419999999223819,0.009999999999990905,2.400000000000001
-0.03800000001774606,-0.0419999999223819,0.009999999999990905,2.500000000000001
-0.03999999997006398,-0.04799999999249849,0.029999999999972715,2.600000000000001
-0.03999999997006398,-0.04799999999249849,0.029999999999972715,2.700000000000001
-0.04099999998175008,-0.05700000002661909,0.029999999999972715,2.800000000000001
-0.04099999998175008,-0.05700000002661909,0.029999999999972715,2.9000000000000012
-0.04099999998175008,-0.05700000002661909,0.029999999999972715,3.0000000000000013
-0.03900000002943216,-0.0640000000373675,0.029999999999972715,3.1000000000000014
-0.03900000002943216,-0.0640000000373675,0.029999999999972715,3.2000000000000015
-0.03800000001774606,-0.07099999990600736,0.01999999999998181,3.3000000000000016
-0.03800000001774606,-0.07099999990600736,0.01999999999998181,3.4000000000000017
-0.03800000001774606,-0.07099999990600736,0.01999999999998181,3.5000000000000018
-0.035999999994373866,-0.07799999991675577,0.0,3.600000000000002
-0.035999999994373866,-0.07799999991675577,0.0,3.700000000000002
-0.03200000001868375,-0.08499999992750418,-0.020000000000038654,3.800000000000002
-0.03200000001868375,-0.08499999992750418,-0.020000000000038654,3.900000000000002
-0.026999999960253263,-0.08999999991488039,-0.06999999999999318,4.000000000000002
-0.026999999960253263,-0.08999999991488039,-0.06999999999999318,4.100000000000001
-0.026999999960253263,-0.08999999991488039,-0.06999999999999318,4.200000000000001
-0.02199999997287705,-0.09399999996162478,-0.11000000000001364,4.300000000000001
-0.02199999997287705,-0.09399999996162478,-0.11000000000001364,4.4
-0.01499999996212864,-0.0949999999022566,-0.1500000000000341,4.5
-0.01499999996212864,-0.0949999999022566,-0.1500000000000341,4.6
-0.01499999996212864,-0.0949999999022566,-0.1500000000000341,4.699999999999999
-0.008000000022434506,-0.098999999949001,-0.18999999999999773,4.799999999999999
-0.008000000022434506,-0.098999999949001,-0.18999999999999773,4.899999999999999
-0.002000000023372195,-0.10199999991300501,-0.19999999999998863,4.999999999999998
-0.002000000023372195,-0.10199999991300501,-0.19999999999998863,5.099999999999998
-0.002000000023372195,-0.10199999991300501,-0.19999999999998863,5.1999999999999975
0.002000000023372195,-0.1059999999597494,-0.19999999999998863,5.299999999999997
0.002000000023372195,-0.1059999999597494,-0.19999999999998863,5.399999999999997
0.005999999999062311,-0.11000000000649379,-0.18999999999999773,5.4999999999999964
0.005999999999062311,-0.11000000000649379,-0.18999999999999773,5.599999999999996
0.005999999999062311,-0.11000000000649379,-0.18999999999999773,5.699999999999996
0.009999999974752427,-0.11299999997049781,-0.19999999999998863,5.799999999999995
0.009999999974752427,-0.11299999997049781,-0.19999999999998863,5.899999999999995
0.014000000021496817,-0.11599999993450183,-0.21000000000003638,5.999999999999995
0.014000000021496817,-0.11599999993450183,-0.21000000000003638,6.099999999999994
0.014000000021496817,-0.11599999993450183,-0.21000000000003638,6.199999999999994
0.017999999997186933,-0.11999999998124622,-0.22000000000002728,6.299999999999994
0.017999999997186933,-0.11999999998124622,-0.22000000000002728,6.399999999999993
0.02199999997287705,-0.12499999996862243,-0.19999999999998863,6.499999999999993
0.02199999997287705,-0.12499999996862243,-0.19999999999998863,6.5999999999999925
0.02199999997287705,-0.12499999996862243,-0.19999999999998863,6.699999999999992
0.02500000000793534,-0.13099999989663047,-0.18999999999999773,6.799999999999992
0.02500000000793534,-0.13099999989663047,-0.18999999999999773,6.8999999999999915
0.02799999997193936,-0.13499999994337486,-0.18999999999999773,6.999999999999991
0.02799999997193936,-0.13499999994337486,-0.18999999999999773,7.099999999999991
0.02799999997193936,-0.13499999994337486,-0.18999999999999773,7.19999999999999
0.031000000006997652,-0.13699999996674705,-0.19999999999998863,7.29999999999999
0.031000000006997652,-0.13699999996674705,-0.19999999999998863,7.39999999999999
0.03399999997100167,-0.14300000003686364,-0.22000000000002728,7.499999999999989
0.03399999997100167,-0.14300000003686364,-0.22000000000002728,7.599999999999989
0.03399999997100167,-0.14300000003686364,-0.22000000000002728,7.699999999999989
0.03800000001774606,-0.1499999999055035,-0.19999999999998863,7.799999999999988
0.03800000001774606,-0.1499999999055035,-0.19999999999998863,7.899999999999988
0.03900000002943216,-0.15799999999899228,-0.21000000000003638,7.999999999999988
0.03900000002943216,-0.15799999999899228,-0.21000000000003638,8.099999999999987
0.03900000002943216,-0.15799999999899228,-0.21000000000003638,8.199999999999987
0.03499999998268777,-0.1659999999503725,-0.21000000000003638,8.299999999999986
0.03499999998268777,-0.1659999999503725,-0.21000000000003638,8.399999999999986
0.02600000001962144,-0.17299999996112092,-0.21000000000003638,8.499999999999986
0.02600000001962144,-0.17299999996112092,-0.21000000000003638,8.599999999999985
0.02600000001962144,-0.17299999996112092,-0.21000000000003638,8.699999999999985
0.011999999998124622,-0.1790000000312375,-0.18999999999999773,8.799999999999985
0.011999999998124622,-0.1790000000312375,-0.18999999999999773,8.899999999999984
-0.005999999999062311,-0.18400000001861372,-0.160000000000025,8.999999999999984
-0.005999999999062311,-0.18400000001861372,-0.160000000000025,9.099999999999984
-0.005999999999062311,-0.18400000001861372,-0.160000000000025,9.199999999999983
-0.02099999996119095,-0.18799999992324956,-0.12999999999999545,9.299999999999983
-0.02099999996119095,-0.18799999992324956,-0.12999999999999545,9.399999999999983
-0.03800000001774606,-0.19499999993399797,-0.10000000000002274,9.499999999999982
-0.03800000001774606,-0.19499999993399797,-0.10000000000002274,9.599999999999982
-0.03800000001774606,-0.19499999993399797,-0.10000000000002274,9.699999999999982
-0.0539999999915608,-0.20300000002748675,-0.05000000000001137,9.799999999999981
-0.0539999999915608,-0.20300000002748675,-0.05000000000001137,9.89999999999998
-0.06900000002474371,-0.2099999998961266,0.009999999999990905,9.99999999999998
-0.06900000002474371,-0.2099999998961266,0.009999999999990905,10.09999999999998
-0.08299999997518626,-0.21699999990687502,0.06999999999999318,10.19999999999998
-0.08299999997518626,-0.21699999990687502,0.06999999999999318,10.29999999999998
-0.08299999997518626,-0.21699999990687502,0.06999999999999318,10.399999999999979
-0.09599999998499698,-0.2229999999769916,0.13999999999998636,10.499999999999979
-0.09599999998499698,-0.2229999999769916,0.13999999999998636,10.599999999999978
-0.10600000003080368,-0.22999999998774,0.16999999999995907,10.699999999999978
-0.10600000003080368,-0.22999999998774,0.16999999999995907,10.799999999999978
-0.10600000003080368,-0.22999999998774,0.16999999999995907,10.899999999999977
-0.11399999998218391,-0.23599999991574805,0.18000000000000682,10.999999999999977
-0.11399999998218391,-0.23599999991574805,0.18000000000000682,11.099999999999977
-0.11899999996956012,-0.24199999998586463,0.18000000000000682,11.199999999999976
-0.11899999996956012,-0.24199999998586463,0.18000000000000682,11.299999999999976
-0.11899999996956012,-0.24199999998586463,0.18000000000000682,11.399999999999975
-0.12400000002799061,-0.24699999997324085,0.19999999999998863,11.499999999999975
-0.12400000002799061,-0.24699999997324085,0.19999999999998863,11.599999999999975
-0.12499999996862243,-0.25100000001998524,0.21999999999997044,11.699999999999974
-0.12499999996862243,-0.25100000001998524,0.21999999999997044,11.799999999999974
-0.12499999996862243,-0.25100000001998524,0.21999999999997044,11.899999999999974
-0.12499999996862243,-0.2549999999246211,0.22999999999996135,11.999999999999973
-0.12499999996862243,-0.2549999999246211,0.22999999999996135,12.099999999999973
-0.12300000001630451,-0.25800000003073364,0.19999999999998863,12.199999999999973
-0.12300000001630451,-0.25800000003073364,0.19999999999998863,12.299999999999972
-0.12300000001630451,-0.25800000003073364,0.19999999999998863,12.399999999999972
-0.12200000000461841,-0.25899999997136547,0.19999999999998863,12.499999999999972
-0.12200000000461841,-0.25899999997136547,0.19999999999998863,12.599999999999971
-0.11899999996956012,-0.2569999999479933,0.18000000000000682,12.69999999999997
-0.11899999996956012,-0.2569999999479933,0.18000000000000682,12.79999999999997
-0.11899999996956012,-0.2569999999479933,0.18000000000000682,12.89999999999997
-0.1160000000055561,-0.25399999998398926,0.14999999999997726,12.99999999999997
-0.1160000000055561,-0.25399999998398926,0.14999999999997726,13.09999999999997
-0.11299999997049781,-0.24999999993724487,0.15999999999996817,13.199999999999969
-0.11299999997049781,-0.24999999993724487,0.15999999999996817,13.299999999999969
-0.11299999997049781,-0.24999999993724487,0.15999999999996817,13.399999999999968
-0.11000000000649379,-0.24299999992649646,0.14999999999997726,13.499999999999968
-0.11000000000649379,-0.24299999992649646,0.14999999999997726,13.599999999999968
-0.10600000003080368,-0.23499999997511622,0.16999999999995907,13.699999999999967
-0.10600000003080368,-0.23499999997511622,0.16999999999995907,13.799999999999967
-0.10600000003080368,-0.23499999997511622,0.16999999999995907,13.899999999999967
-0.10099999997237319,-0.227000000023736,0.18999999999999773,13.999999999999966
-0.10099999997237319,-0.227000000023736,0.18999999999999773,14.099999999999966
-0.09900000002005527,-0.22000000001298758,0.21999999999997044,14.199999999999966
-0.09900000002005527,-0.22000000001298758,0.21999999999997044,14.299999999999965
-0.09800000000836917,-0.21099999997886698,0.22999999999996135,14.399999999999965
-0.09800000000836917,-0.21099999997886698,0.22999999999996135,14.499999999999964
-0.09800000000836917,-0.21099999997886698,0.22999999999996135,14.599999999999964
-0.09900000002005527,-0.20300000002748675,0.22999999999996135,14.699999999999964
-0.09900000002005527,-0.20300000002748675,0.22999999999996135,14.799999999999963
-0.10400000000743148,-0.19199999996999395,0.25,14.899999999999963
-0.10400000000743148,-0.19199999996999395,0.25,14.999999999999963
-0.10400000000743148,-0.19199999996999395,0.25,15.099999999999962
-0.1079999999831216,-0.18099999991250115,0.21999999999997044,15.199999999999962
-0.1079999999831216,-0.18099999991250115,0.21999999999997044,15.299999999999962
-0.11299999997049781,-0.1679999999737447,0.19999999999998863,15.399999999999961
-0.11299999997049781,-0.1679999999737447,0.19999999999998863,15.499999999999961
-0.11299999997049781,-0.1679999999737447,0.19999999999998863,15.59999999999996
-0.1180000000289283,-0.15599999997562009,0.18999999999999773,15.69999999999996
-0.1180000000289283,-0.15599999997562009,0.18999999999999773,15.79999999999996
-0.12200000000461841,-0.14300000003686364,0.18000000000000682,15.89999999999996
-0.12200000000461841,-0.14300000003686364,0.18000000000000682,15.99999999999996
-0.12200000000461841,-0.14300000003686364,0.18000000000000682,16.09999999999996
-0.12300000001630451,-0.13199999997937084,0.16999999999995907,16.19999999999996
-0.12300000001630451,-0.13199999997937084,0.16999999999995907,16.29999999999996
-0.12400000002799061,-0.12099999992187804,0.13999999999998636,16.399999999999963
-0.12400000002799061,-0.12099999992187804,0.13999999999998636,16.499999999999964
-0.12400000002799061,-0.12099999992187804,0.13999999999998636,16.599999999999966
-0.12400000002799061,-0.11200000002986599,0.12999999999999545,16.699999999999967
-0.12400000002799061,-0.11200000002986599,0.12999999999999545,16.79999999999997
-0.12599999998030853,-0.10099999997237319,0.12999999999999545,16.89999999999997
-0.12599999998030853,-0.10099999997237319,0.12999999999999545,16.99999999999997
-0.12599999998030853,-0.10099999997237319,0.12999999999999545,17.099999999999973
-0.12800000000368073,-0.09199999993825259,0.1099999999999568,17.199999999999974
-0.12800000000368073,-0.09199999993825259,0.1099999999999568,17.299999999999976
-0.13199999997937084,-0.08499999992750418,0.0999999999999659,17.399999999999977
-0.13199999997937084,-0.08499999992750418,0.0999999999999659,17.49999999999998
-0.13199999997937084,-0.08499999992750418,0.0999999999999659,17.59999999999998
-0.13899999999011925,-0.07799999991675577,0.13999999999998636,17.69999999999998
-0.13899999999011925,-0.07799999991675577,0.13999999999998636,17.799999999999983
-0.14800000002423985,-0.07199999998874773,0.18999999999999773,17.899999999999984
-0.14800000002423985,-0.07199999998874773,0.18999999999999773,17.999999999999986
-0.14800000002423985,-0.07199999998874773,0.18999999999999773,18.099999999999987
-0.15400000002330216,-0.06499999997799932,0.22999999999996135,18.19999999999999
-0.15400000002330216,-0.06499999997799932,0.22999999999996135,18.29999999999999
-0.1619999999746824,-0.05599999994387872,0.2599999999999909,18.39999999999999
-0.1619999999746824,-0.05599999994387872,0.2599999999999909,18.499999999999993
-0.1619999999746824,-0.05599999994387872,0.2599999999999909,18.599999999999994
-0.1679999999737447,-0.04799999999249849,0.2899999999999636,18.699999999999996
-0.1679999999737447,-0.04799999999249849,0.2899999999999636,18.799999999999997
-0.17499999998449312,-0.03800000001774606,0.3199999999999932,18.9
-0.17499999998449312,-0.03800000001774606,0.3199999999999932,19.0
-0.17499999998449312,-0.03800000001774606,0.3199999999999932,19.1
-0.18099999998355543,-0.02600000001962144,0.30000000000001137,19.200000000000003
-0.18099999998355543,-0.02600000001962144,0.30000000000001137,19.300000000000004
-0.18400000001861372,-0.012999999938756446,0.2899999999999636,19.400000000000006
-0.18400000001861372,-0.012999999938756446,0.2899999999999636,19.500000000000007
-0.18400000001861372,-0.012999999938756446,0.2899999999999636,19.60000000000001
-0.18699999998261774,0.001000000082740371,0.2699999999999818,19.70000000000001
-0.18699999998261774,0.001000000082740371,0.2699999999999818,19.80000000000001
-0.18900000000598993,0.015000000104237188,0.22999999999996135,19.900000000000013
-0.18900000000598993,0.015000000104237188,0.22999999999996135,20.000000000000014
-0.18900000000598993,0.015000000104237188,0.22999999999996135,20.100000000000016
-0.18900000000598993,0.028999999983625457,0.19999999999998863,20.200000000000017
-0.18900000000598993,0.028999999983625457,0.19999999999998863,20.30000000000002
-0.18799999999430383,0.04200000006449045,0.18000000000000682,20.40000000000002
-0.18799999999430383,0.04200000006449045,0.18000000000000682,20.50000000000002
-0.18699999998261774,0.055000000003246896,0.15999999999996817,20.600000000000023
-0.18699999998261774,0.055000000003246896,0.15999999999996817,20.700000000000024
-0.18699999998261774,0.055000000003246896,0.15999999999996817,20.800000000000026
-0.18699999998261774,0.06999999996537554,0.13999999999998636,20.900000000000027
-0.18699999998261774,0.06999999996537554,0.13999999999998636,21.00000000000003
-0.18699999998261774,0.08600000001024455,0.12999999999999545,21.10000000000003
-0.18699999998261774,0.08600000001024455,0.12999999999999545,21.20000000000003
-0.18699999998261774,0.08600000001024455,0.12999999999999545,21.300000000000033
-0.18500000003029982,0.10200000005511356,0.12999999999999545,21.400000000000034
-0.18500000003029982,0.10200000005511356,0.12999999999999545,21.500000000000036
-0.18400000001861372,0.11800000009998257,0.12000000000000455,21.600000000000037
-0.18400000001861372,0.11800000009998257,0.12000000000000455,21.70000000000004
-0.18400000001861372,0.11800000009998257,0.12000000000000455,21.80000000000004
-0.18300000000692762,0.1330000000621112,0.13999999999998636,21.90000000000004
-0.18300000000692762,0.1330000000621112,0.13999999999998636,22.000000000000043
-0.18199999999524152,0.14700000008360803,0.14999999999997726,22.100000000000044
-0.18199999999524152,0.14700000008360803,0.14999999999997726,22.200000000000045
-0.18199999999524152,0.14700000008360803,0.14999999999997726,22.300000000000047
-0.17999999997186933,0.1609999999629963,0.15999999999996817,22.40000000000005
-0.17999999997186933,0.1609999999629963,0.15999999999996817,22.50000000000005
-0.1780000000195514,0.1740000000438613,0.16999999999995907,22.60000000000005
-0.1780000000195514,0.1740000000438613,0.16999999999995907,22.700000000000053
-0.1780000000195514,0.1740000000438613,0.16999999999995907,22.800000000000054
-0.17499999998449312,0.1880000000653581,0.18999999999999773,22.900000000000055
-0.17499999998449312,0.1880000000653581,0.18999999999999773,23.000000000000057
-0.17499999998449312,0.20599999999149077,0.18999999999999773,23.10000000000006
-0.17499999998449312,0.20599999999149077,0.18999999999999773,23.20000000000006
-0.17499999998449312,0.20599999999149077,0.18999999999999773,23.30000000000006
-0.17499999998449312,0.22200000003635978,0.18999999999999773,23.400000000000063
-0.17499999998449312,0.22200000003635978,0.18999999999999773,23.500000000000064
-0.1759999999961792,0.2450000000919772,0.18000000000000682,23.600000000000065
-0.1759999999961792,0.2450000000919772,0.18000000000000682,23.700000000000067
-0.1759999999961792,0.2450000000919772,0.18000000000000682,23.800000000000068
-0.1780000000195514,0.27400000007560266,0.14999999999997726,23.90000000000007
-0.1780000000195514,0.27400000007560266,0.14999999999997726,24.00000000000007
-0.17999999997186933,0.30899999998723615,0.08999999999997499,24.100000000000072
-0.17999999997186933,0.30899999998723615,0.08999999999997499,24.200000000000074
-0.17999999997186933,0.30899999998723615,0.08999999999997499,24.300000000000075
-0.18599999997093164,0.3490000000283544,0.03999999999996362,24.400000000000077
-0.18599999997093164,0.3490000000283544,0.03999999999996362,24.500000000000078
-0.19500000000505224,0.39100000009284486,-0.03000000000002956,24.60000000000008
-0.19500000000505224,0.39100000009284486,-0.03000000000002956,24.70000000000008
-0.19500000000505224,0.39100000009284486,-0.03000000000002956,24.800000000000082
-0.20599999999149077,0.4359999999792308,-0.060000000000002274,24.900000000000084
-0.20599999999149077,0.4359999999792308,-0.060000000000002274,25.000000000000085
-0.2169999999779293,0.4800000000670934,-0.09000000000003183,25.100000000000087
-0.2169999999779293,0.4800000000670934,-0.09000000000003183,25.200000000000088
-0.2309999999994261,0.5199999999661031,-0.11000000000001364,25.30000000000009
-0.2309999999994261,0.5199999999661031,-0.11000000000001364,25.40000000000009
-0.2309999999994261,0.5199999999661031,-0.11000000000001364,25.500000000000092
-0.24699999997324085,0.5579999999838492,-0.1400000000000432,25.600000000000094
-0.24699999997324085,0.5579999999838492,-0.1400000000000432,25.700000000000095
-0.26200000000642376,0.591000000014219,-0.18000000000000682,25.800000000000097
-0.26200000000642376,0.591000000014219,-0.18000000000000682,25.900000000000098
-0.26200000000642376,0.591000000014219,-0.18000000000000682,26.0000000000001
-0.2769999999685524,0.6170000000338405,-0.21000000000003638,26.1000000000001
-0.2769999999685524,0.6170000000338405,-0.21000000000003638,26.200000000000102
-0.2880000000260452,0.6270000000085929,-0.21000000000003638,26.300000000000104
-0.2880000000260452,0.6270000000085929,-0.21000000000003638,26.400000000000105
-0.2880000000260452,0.6270000000085929,-0.21000000000003638,26.500000000000107
-0.2990000000124837,0.6249999999852207,-0.19999999999998863,26.600000000000108
-0.2990000000124837,0.6249999999852207,-0.19999999999998863,26.70000000000011
-0.30799999997555005,0.6179999999744723,-0.18000000000000682,26.80000000000011
-0.30799999997555005,0.6179999999744723,-0.18000000000000682,26.900000000000112
-0.30799999997555005,0.6179999999744723,-0.18000000000000682,27.000000000000114
-0.31599999999798456,0.6030000000123437,-0.18000000000000682,27.100000000000115
-0.31599999999798456,0.6030000000123437,-0.18000000000000682,27.200000000000117
-0.3199999999736747,0.572000000005346,-0.19999999999998863,27.300000000000118
-0.3199999999736747,0.572000000005346,-0.19999999999998863,27.40000000000012
-0.3199999999736747,0.572000000005346,-0.19999999999998863,27.50000000000012
-0.32300000000873297,0.5339999999876,-0.19999999999998863,27.600000000000122
-0.32300000000873297,0.5339999999876,-0.19999999999998863,27.700000000000124
-0.32199999999704687,0.4909999999824777,-0.18999999999999773,27.800000000000125
-0.32199999999704687,0.4909999999824777,-0.18999999999999773,27.900000000000126
-0.32199999999704687,0.4909999999824777,-0.18999999999999773,28.000000000000128
-0.3189999999619886,0.4479999999773554,-0.18999999999999773,28.10000000000013
-0.3189999999619886,0.4479999999773554,-0.18999999999999773,28.20000000000013
-0.31200000002229444,0.3920000000334767,-0.17000000000001592,28.300000000000132
-0.31200000002229444,0.3920000000334767,-0.17000000000001592,28.400000000000134
-0.31200000002229444,0.3920000000334767,-0.17000000000001592,28.500000000000135
-0.30299999998817384,0.33400000006622577,-0.160000000000025,28.600000000000136
-0.30299999998817384,0.33400000006622577,-0.160000000000025,28.700000000000138
-0.2899999999783631,0.2770000000396067,-0.17000000000001592,28.80000000000014
-0.2899999999783631,0.2770000000396067,-0.17000000000001592,28.90000000000014
-0.2899999999783631,0.2770000000396067,-0.17000000000001592,29.000000000000142
-0.2760000000279206,0.22600000008310417,-0.18999999999999773,29.100000000000144
-0.2760000000279206,0.22600000008310417,-0.18999999999999773,29.200000000000145
-0.26200000000642376,0.16700000003311288,-0.18999999999999773,29.300000000000146
-0.26200000000642376,0.16700000003311288,-0.18999999999999773,29.400000000000148
-0.26200000000642376,0.16700000003311288,-0.18999999999999773,29.50000000000015
-0.24799999998492694,0.1079999999831216,-0.160000000000025,29.60000000000015
-0.24799999998492694,0.1079999999831216,-0.160000000000025,29.700000000000152
-0.23599999998680232,0.057999999967250915,-0.11000000000001364,29.800000000000153
-0.23599999998680232,0.057999999967250915,-0.11000000000001364,29.900000000000155
-0.22799999996436782,0.011000000057492798,-0.06999999999999318,30.000000000000156
-0.22799999996436782,0.011000000057492798,-0.06999999999999318,30.100000000000158
-0.22799999996436782,0.011000000057492798,-0.06999999999999318,30.20000000000016
-0.2179999999896154,-0.04099999998175008,-0.040000000000020464,30.30000000000016
-0.2179999999896154,-0.04099999998175008,-0.040000000000020464,30.400000000000162
-0.20499999997980467,-0.09199999993825259,-0.05000000000001137,30.500000000000163
-0.20499999997980467,-0.09199999993825259,-0.05000000000001137,30.600000000000165
-0.20499999997980467,-0.09199999993825259,-0.05000000000001137,30.700000000000166
-0.19500000000505224,-0.13400000000274304,-0.040000000000020464,30.800000000000168
-0.19500000000505224,-0.13400000000274304,-0.040000000000020464,30.90000000000017
-0.18599999997093164,-0.1720000000204891,-0.040000000000020464,31.00000000000017
-0.18599999997093164,-0.1720000000204891,-0.040000000000020464,31.100000000000172
-0.18599999997093164,-0.1720000000204891,-0.040000000000020464,31.200000000000173
-0.1770000000078653,-0.20599999999149077,-0.05000000000001137,31.300000000000175
-0.1770000000078653,-0.20599999999149077,-0.05000000000001137,31.400000000000176
-0.1699999999971169,-0.2320000000111122,-0.060000000000002274,31.500000000000178
-0.1699999999971169,-0.2320000000111122,-0.060000000000002274,31.60000000000018
-0.1699999999971169,-0.2320000000111122,-0.060000000000002274,31.70000000000018
-0.1619999999746824,-0.2529999999012489,-0.06999999999999318,31.800000000000182
-0.1619999999746824,-0.2529999999012489,-0.06999999999999318,31.900000000000183
-0.15300000001161607,-0.2719999999101219,-0.060000000000002274,32.000000000000185
-0.15300000001161607,-0.2719999999101219,-0.060000000000002274,32.100000000000186
-0.15300000001161607,-0.2719999999101219,-0.060000000000002274,32.20000000000019
-0.14200000002517754,-0.29499999996573933,-0.05000000000001137,32.30000000000019
-0.14200000002517754,-0.29499999996573933,-0.05000000000001137,32.40000000000019
-0.12900000001536682,-0.3169999999386164,-0.05000000000001137,32.50000000000019
-0.12900000001536682,-0.3169999999386164,-0.05000000000001137,32.60000000000019
-0.12900000001536682,-0.3169999999386164,-0.05000000000001137,32.700000000000195
-0.11499999999387,-0.3399999999942338,-0.06999999999999318,32.800000000000196
-0.11499999999387,-0.3399999999942338,-0.06999999999999318,32.9000000000002
-0.10199999998405929,-0.35699999997973464,-0.08000000000004093,33.0000000000002
-0.10199999998405929,-0.35699999997973464,-0.08000000000004093,33.1000000000002
-0.10199999998405929,-0.35699999997973464,-0.08000000000004093,33.2000000000002
-0.08600000001024455,-0.3739999999652355,-0.11000000000001364,33.3000000000002
-0.08600000001024455,-0.3739999999652355,-0.11000000000001364,33.400000000000205
-0.07099999997706163,-0.3909999999507363,-0.11000000000001364,33.500000000000206
-0.07099999997706163,-0.3909999999507363,-0.11000000000001364,33.60000000000021
-0.07099999997706163,-0.3909999999507363,-0.11000000000001364,33.70000000000021
-0.05700000002661909,-0.4049999999722331,-0.060000000000002274,33.80000000000021
-0.05700000002661909,-0.4049999999722331,-0.060000000000002274,33.90000000000021
-0.04500000002849447,-0.40799999993623715,0.0,34.00000000000021
-0.04500000002849447,-0.40799999993623715,0.0,34.100000000000215
-0.035999999994373866,-0.3959999999381125,0.0999999999999659,34.200000000000216
-0.035999999994373866,-0.3959999999381125,0.0999999999999659,34.30000000000022
-0.035999999994373866,-0.3959999999381125,0.0999999999999659,34.40000000000022
-0.029999999995311555,-0.36899999997785926,0.14999999999997726,34.50000000000022
-0.029999999995311555,-0.36899999997785926,0.14999999999997726,34.60000000000022
-0.026999999960253263,-0.32500000003210516,0.18000000000000682,34.70000000000022
-0.026999999960253263,-0.32500000003210516,0.18000000000000682,34.800000000000225
-0.026999999960253263,-0.32500000003210516,0.18000000000000682,34.900000000000226
-0.02500000000793534,-0.2669999999227457,0.16999999999995907,35.00000000000023
-0.02500000000793534,-0.2669999999227457,0.16999999999995907,35.10000000000023
-0.02600000001962144,-0.19199999996999395,0.19999999999998863,35.20000000000023
-0.02600000001962144,-0.19199999996999395,0.19999999999998863,35.30000000000023
-0.02600000001962144,-0.19199999996999395,0.19999999999998863,35.40000000000023
-0.03300000003036985,-0.10199999991300501,0.20999999999997954,35.500000000000234
-0.03300000003036985,-0.10199999991300501,0.20999999999997954,35.600000000000236
-0.0539999999915608,0.007000000010748408,0.18000000000000682,35.70000000000024
-0.0539999999915608,0.007000000010748408,0.18000000000000682,35.80000000000024
-0.0539999999915608,0.007000000010748408,0.18000000000000682,35.90000000000024
-0.08999999998593466,0.1650000000097407,0.14999999999997726,36.00000000000024
-0.08999999998593466,0.1650000000097407,0.14999999999997726,36.10000000000024
-0.14100000001349144,0.3920000000334767,0.0999999999999659,36.200000000000244
-0.14100000001349144,0.3920000000334767,0.0999999999999659,36.300000000000246
-0.14100000001349144,0.3920000000334767,0.0999999999999659,36.40000000000025
-0.20399999996811857,0.6500000000642103,0.01999999999998181,36.50000000000025
-0.20399999996811857,0.6500000000642103,0.01999999999998181,36.60000000000025
-0.2669999999938,0.9130000000823202,0.009999999999990905,36.70000000000025
-0.2669999999938,0.9130000000823202,0.009999999999990905,36.80000000000025
-0.2669999999938,0.9130000000823202,0.009999999999990905,36.900000000000254
-0.3249999999610509,1.160000000055561,0.0,37.000000000000256
-0.3249999999610509,1.160000000055561,0.0,37.10000000000026
-0.3739999999652355,1.4010000001007938,-0.040000000000020464,37.20000000000026
-0.3739999999652355,1.4010000001007938,-0.040000000000020464,37.30000000000026
-0.42000000000541604,1.6500000000974069,-0.160000000000025,37.40000000000026
-0.42000000000541604,1.6500000000974069,-0.160000000000025,37.50000000000026
-0.42000000000541604,1.6500000000974069,-0.160000000000025,37.600000000000264
-0.46699999998622843,1.924000000030901,-0.21000000000003638,37.700000000000266
-0.46699999998622843,1.924000000030901,-0.21000000000003638,37.80000000000027
-0.5170000000020991,2.2189999999966403,-0.28000000000002956,37.90000000000027
-0.5170000000020991,2.2189999999966403,-0.28000000000002956,38.00000000000027
-0.5170000000020991,2.2189999999966403,-0.28000000000002956,38.10000000000027
-0.5730000000170321,2.554000000003498,-0.37000000000000455,38.20000000000027
-0.5730000000170321,2.554000000003498,-0.37000000000000455,38.300000000000274
-0.630999999984283,2.920000000017353,-0.4200000000000159,38.400000000000276
-0.630999999984283,2.920000000017353,-0.4200000000000159,38.50000000000028
-0.630999999984283,2.920000000017353,-0.4200000000000159,38.60000000000028
-0.6909999999749061,3.309000000086826,-0.5600000000000023,38.70000000000028
-0.6909999999749061,3.309000000086826,-0.5600000000000023,38.80000000000028
-0.7480000000015252,3.6990000000969303,-0.6400000000000432,38.90000000000028
-0.7480000000015252,3.6990000000969303,-0.6400000000000432,39.000000000000284
-0.7480000000015252,3.6990000000969303,-0.6400000000000432,39.100000000000286
-0.7970000000057098,4.08500000006029,-0.7800000000000296,39.20000000000029
-0.7970000000057098,4.08500000006029,-0.7800000000000296,39.30000000000029
-0.8350000000234559,4.466000000036274,-0.8500000000000227,39.40000000000029
-0.8350000000234559,4.466000000036274,-0.8500000000000227,39.50000000000029
-0.8350000000234559,4.466000000036274,-0.8500000000000227,39.60000000000029
-0.8660000000304535,4.834000000073502,-0.9200000000000159,39.700000000000294
-0.8660000000304535,4.834000000073502,-0.9200000000000159,39.800000000000296
-0.8869999999916445,5.183000000101856,-0.9000000000000341,39.9000000000003
-0.8869999999916445,5.183000000101856,-0.9000000000000341,40.0000000000003
-0.8869999999916445,5.183000000101856,-0.9000000000000341,40.1000000000003
-0.897999999978083,5.519999999989977,-0.9499999999999886,40.2000000000003
-0.897999999978083,5.519999999989977,-0.9499999999999886,40.3000000000003
-0.895000000014079,5.8289999999772135,-0.9300000000000068,40.400000000000304
-0.895000000014079,5.8289999999772135,-0.9300000000000068,40.500000000000306
-0.895000000014079,5.8289999999772135,-0.9300000000000068,40.60000000000031
-0.8880000000033306,6.1139999999682,-0.9700000000000273,40.70000000000031
-0.8880000000033306,6.1139999999682,-0.9700000000000273,40.80000000000031
-0.8739999999818338,6.3760000000456785,-0.8799999999999955,40.90000000000031
-0.8739999999818338,6.3760000000456785,-0.8799999999999955,41.00000000000031
-0.8739999999818338,6.3760000000456785,-0.8799999999999955,41.100000000000314
-0.8479999999622123,6.592000000011922,-0.8799999999999955,41.200000000000315
-0.8479999999622123,6.592000000011922,-0.8799999999999955,41.30000000000032
-0.8100000000155205,6.766999999996415,-0.8100000000000023,41.40000000000032
-0.8100000000155205,6.766999999996415,-0.8100000000000023,41.50000000000032
-0.7719999999977745,6.916000000103395,-0.8100000000000023,41.60000000000032
-0.7719999999977745,6.916000000103395,-0.8100000000000023,41.70000000000032
-0.7719999999977745,6.916000000103395,-0.8100000000000023,41.800000000000324
-0.7329999999683423,7.0440000000360214,-0.7100000000000364,41.900000000000325
-0.7329999999683423,7.0440000000360214,-0.7100000000000364,42.00000000000033
-0.6919999999865922,7.135000000033642,-0.6500000000000341,42.10000000000033
-0.6919999999865922,7.135000000033642,-0.6500000000000341,42.20000000000033
-0.6919999999865922,7.135000000033642,-0.6500000000000341,42.30000000000033
-0.6429999999824076,7.1940000000836335,-0.5200000000000387,42.40000000000033
-0.6429999999824076,7.1940000000836335,-0.5200000000000387,42.500000000000334
-0.5980000000249674,7.244000000099504,-0.4600000000000364,42.600000000000335
-0.5980000000249674,7.244000000099504,-0.4600000000000364,42.70000000000034
-0.5980000000249674,7.244000000099504,-0.4600000000000364,42.80000000000034
-0.5509999999731008,7.276000000047134,-0.3199999999999932,42.90000000000034
-0.5509999999731008,7.276000000047134,-0.3199999999999932,43.00000000000034
-0.5010000000282844,7.271000000059757,-0.28000000000002956,43.10000000000034
-0.5010000000282844,7.271000000059757,-0.28000000000002956,43.200000000000344
-0.5010000000282844,7.271000000059757,-0.28000000000002956,43.300000000000345
-0.440999999966607,7.224000000007891,-0.12000000000000455,43.40000000000035
-0.440999999966607,7.224000000007891,-0.12000000000000455,43.50000000000035
-0.3900000000101045,7.2029999999756456,-0.11000000000001364,43.60000000000035
-0.3900000000101045,7.2029999999756456,-0.11000000000001364,43.70000000000035
-0.3900000000101045,7.2029999999756456,-0.11000000000001364,43.80000000000035
-0.342000000017606,7.183000000026141,-0.009999999999990905,43.900000000000354
-0.342000000017606,7.183000000026141,-0.009999999999990905,44.000000000000355
-0.2930000000134214,7.123999999976149,0.009999999999990905,44.10000000000036
-0.2930000000134214,7.123999999976149,0.009999999999990905,44.20000000000036
-0.2930000000134214,7.123999999976149,0.009999999999990905,44.30000000000036
-0.24599999996155475,7.051999999987402,0.0999999999999659,44.40000000000036
-0.24599999996155475,7.051999999987402,0.0999999999999659,44.50000000000036
-0.20100000000411455,6.970999999964533,0.14999999999997726,44.600000000000364
-0.20100000000411455,6.970999999964533,0.14999999999997726,44.700000000000365
-0.20100000000411455,6.970999999964533,0.14999999999997726,44.80000000000037
-0.16000000002236447,6.884000000013657,0.22999999999996135,44.90000000000037
-0.16000000002236447,6.884000000013657,0.22999999999996135,45.00000000000037
-0.1170000000172422,6.770000000102527,0.25,45.10000000000037
-0.1170000000172422,6.770000000102527,0.25,45.20000000000037
-0.1170000000172422,6.770000000102527,0.25,45.300000000000374
-0.08000000001118224,6.656999999989921,0.3199999999999932,45.400000000000375
-0.08000000001118224,6.656999999989921,0.3199999999999932,45.50000000000038
-0.04500000002849447,6.580000000013797,0.39999999999997726,45.60000000000038
-0.04500000002849447,6.580000000013797,0.39999999999997726,45.70000000000038
-0.04500000002849447,6.580000000013797,0.39999999999997726,45.80000000000038
-0.016999999985500835,6.522000000046546,0.37999999999999545,45.90000000000038
-0.016999999985500835,6.522000000046546,0.37999999999999545,46.000000000000384
0.009000000034120603,6.447000000093794,0.37000000000000455,46.100000000000385
0.009000000034120603,6.447000000093794,0.37000000000000455,46.20000000000039
0.009000000034120603,6.447000000093794,0.37000000000000455,46.30000000000039
0.03300000003036985,6.373000000081674,0.3100000000000023,46.40000000000039
0.03300000003036985,6.373000000081674,0.3100000000000023,46.50000000000039
0.06800000001305762,6.297999999986814,0.3299999999999841,46.60000000000039
0.06800000001305762,6.297999999986814,0.3299999999999841,46.700000000000394
0.11100000001817989,6.215000000082682,0.2899999999999636,46.800000000000395
0.11100000001817989,6.215000000082682,0.2899999999999636,46.9000000000004
0.11100000001817989,6.215000000082682,0.2899999999999636,47.0000000000004
0.15900000001067838,6.0880000000906875,0.3299999999999841,47.1000000000004
0.15900000001067838,6.0880000000906875,0.3299999999999841,47.2000000000004
0.19999999999242846,5.937000000102444,0.3299999999999841,47.3000000000004
0.19999999999242846,5.937000000102444,0.3299999999999841,47.400000000000404
0.19999999999242846,5.937000000102444,0.3299999999999841,47.500000000000405
0.2330000000227983,5.770000000069331,0.3499999999999659,47.600000000000406
0.2330000000227983,5.770000000069331,0.3499999999999659,47.70000000000041
0.2659999999821139,5.619000000081087,0.30000000000001137,47.80000000000041
0.2659999999821139,5.619000000081087,0.30000000000001137,47.90000000000041
0.2659999999821139,5.619000000081087,0.30000000000001137,48.00000000000041
0.30500000001154604,5.4839999999956035,0.2699999999999818,48.10000000000041
0.30500000001154604,5.4839999999956035,0.2699999999999818,48.200000000000415
0.35099999998067233,5.359000000026981,0.2699999999999818,48.300000000000416
0.35099999998067233,5.359000000026981,0.2699999999999818,48.40000000000042
0.35099999998067233,5.359000000026981,0.2699999999999818,48.50000000000042
0.3960000000091668,5.242000000009739,0.25,48.60000000000042
0.3960000000091668,5.242000000009739,0.25,48.70000000000042
0.44000000002597517,5.157000000082235,0.21999999999997044,48.80000000000042
0.44000000002597517,5.157000000082235,0.21999999999997044,48.900000000000425
0.44000000002597517,5.157000000082235,0.21999999999997044,49.000000000000426
0.47899999998435305,5.06999999998925,0.22999999999996135,49.10000000000043
0.47899999998435305,5.06999999998925,0.22999999999996135,49.20000000000043
0.5110000000030368,4.99599999997713,0.16999999999995907,49.30000000000043
0.5110000000030368,4.99599999997713,0.16999999999995907,49.40000000000043
0.5110000000030368,4.99599999997713,0.16999999999995907,49.50000000000043
0.5480000000090968,4.9250000000711225,0.14999999999997726,49.600000000000435
0.5480000000090968,4.9250000000711225,0.14999999999997726,49.700000000000436
0.5889999999908468,4.858000000069751,0.03999999999996362,49.80000000000044
0.5889999999908468,4.858000000069751,0.03999999999996362,49.90000000000044
0.5889999999908468,4.858000000069751,0.03999999999996362,50.00000000000044
0.6249999999852207,4.784000000057631,-0.009999999999990905,50.10000000000044
0.6249999999852207,4.784000000057631,-0.009999999999990905,50.20000000000044
0.6540000000399004,4.721000000103004,-0.10000000000002274,50.300000000000445
0.6540000000399004,4.721000000103004,-0.10000000000002274,50.400000000000446
0.6540000000399004,4.721000000103004,-0.10000000000002274,50.50000000000045
0.6890000000225882,4.658000000006268,-0.1400000000000432,50.60000000000045
0.6890000000225882,4.658000000006268,-0.1400000000000432,50.70000000000045
0.7330000000393966,4.603000000003021,-0.2400000000000091,50.80000000000045
0.7330000000393966,4.603000000003021,-0.2400000000000091,50.90000000000045
0.7730000000094606,4.552000000046519,-0.29000000000002046,51.000000000000455
0.7730000000094606,4.552000000046519,-0.29000000000002046,51.100000000000456
0.7730000000094606,4.552000000046519,-0.29000000000002046,51.20000000000046
0.8120000000388927,4.516000000052145,-0.4000000000000341,51.30000000000046
0.8120000000388927,4.516000000052145,-0.4000000000000341,51.40000000000046
0.8509999999972706,4.488000000009151,-0.4300000000000068,51.50000000000046
0.8509999999972706,4.488000000009151,-0.4300000000000068,51.60000000000046
0.8509999999972706,4.488000000009151,-0.4300000000000068,51.700000000000465
0.8910000000383889,4.464000000012902,-0.4700000000000273,51.800000000000466
0.8910000000383889,4.464000000012902,-0.4700000000000273,51.90000000000047
0.9279999999733946,4.4549999999787815,-0.5400000000000205,52.00000000000047
0.9279999999733946,4.4549999999787815,-0.5400000000000205,52.10000000000047
0.9279999999733946,4.4549999999787815,-0.5400000000000205,52.20000000000047
0.9659999999911406,4.451000000074146,-0.6400000000000432,52.30000000000047
0.9659999999911406,4.451000000074146,-0.6400000000000432,52.400000000000475
0.9990000000215105,4.456000000061522,-0.7100000000000364,52.500000000000476
0.9990000000215105,4.456000000061522,-0.7100000000000364,52.60000000000048
0.9990000000215105,4.456000000061522,-0.7100000000000364,52.70000000000048
1.0329999999925121,4.4549999999787815,-0.7100000000000364,52.80000000000048
1.0329999999925121,4.4549999999787815,-0.7100000000000364,52.90000000000048
1.0650000000111959,4.459000000025526,-0.8000000000000114,53.00000000000048
1.0650000000111959,4.459000000025526,-0.8000000000000114,53.100000000000485
1.0650000000111959,4.459000000025526,-0.8000000000000114,53.200000000000486
1.086999999984073,4.458000000084894,-0.8300000000000409,53.30000000000049
1.086999999984073,4.458000000084894,-0.8300000000000409,53.40000000000049
1.105999999992946,4.46300000007227,-0.8900000000000432,53.50000000000049
1.105999999992946,4.46300000007227,-0.8900000000000432,53.60000000000049
1.105999999992946,4.46300000007227,-0.8900000000000432,53.70000000000049
1.125000000001819,4.4650000000956425,-0.8600000000000136,53.800000000000495
1.125000000001819,4.4650000000956425,-0.8600000000000136,53.900000000000496
1.1419999999873198,4.473000000047023,-0.9000000000000341,54.0000000000005
1.1419999999873198,4.473000000047023,-0.9000000000000341,54.1000000000005
1.1419999999873198,4.473000000047023,-0.9000000000000341,54.2000000000005
1.1529999999737583,4.482000000081143,-0.8700000000000045,54.3000000000005
1.1529999999737583,4.482000000081143,-0.8700000000000045,54.4000000000005
1.1570000000205027,4.502000000030648,-0.910000000000025,54.500000000000504
1.1570000000205027,4.502000000030648,-0.910000000000025,54.600000000000506
1.1570000000205027,4.502000000030648,-0.910000000000025,54.70000000000051
1.1560000000088166,4.521000000039521,-0.8500000000000227,54.80000000000051
1.1560000000088166,4.521000000039521,-0.8500000000000227,54.90000000000051
1.1529999999737583,4.547000000059143,-0.8400000000000318,55.00000000000051
1.1529999999737583,4.547000000059143,-0.8400000000000318,55.10000000000051
1.1529999999737583,4.547000000059143,-0.8400000000000318,55.200000000000514
1.1520000000331265,4.574000000019396,-0.7599999999999909,55.300000000000516
1.1520000000331265,4.574000000019396,-0.7599999999999909,55.40000000000052
1.1500000000097543,4.604000000085762,-0.7200000000000273,55.50000000000052
1.1500000000097543,4.604000000085762,-0.7200000000000273,55.60000000000052
1.1500000000097543,4.604000000085762,-0.7200000000000273,55.70000000000052
1.1409999999756337,4.624000000035267,-0.6400000000000432,55.80000000000052
1.1409999999756337,4.624000000035267,-0.6400000000000432,55.900000000000524
1.1330000000242535,4.645000000067512,-0.6000000000000227,56.000000000000526
1.1330000000242535,4.645000000067512,-0.6000000000000227,56.10000000000053
1.1330000000242535,4.645000000067512,-0.6000000000000227,56.20000000000053
1.1179999999910706,4.658000000006268,-0.6000000000000227,56.30000000000053
1.1179999999910706,4.658000000006268,-0.6000000000000227,56.40000000000053
1.107000000004632,4.671000000087133,-0.6100000000000136,56.50000000000053
1.107000000004632,4.671000000087133,-0.6100000000000136,56.600000000000534
1.107000000004632,4.671000000087133,-0.6100000000000136,56.700000000000536
1.0950000000065074,4.69300000006001,-0.6400000000000432,56.80000000000054
1.0950000000065074,4.69300000006001,-0.6400000000000432,56.90000000000054
1.086999999984073,4.7170000000562595,-0.5900000000000318,57.00000000000054
1.086999999984073,4.7170000000562595,-0.5900000000000318,57.10000000000054
1.086999999984073,4.7170000000562595,-0.5900000000000318,57.20000000000054
1.0790000000326927,4.746000000039885,-0.6200000000000045,57.300000000000544
1.0790000000326927,4.746000000039885,-0.6200000000000045,57.400000000000546
1.0730000000336304,4.762000000084754,-0.6100000000000136,57.50000000000055
1.0730000000336304,4.762000000084754,-0.6100000000000136,57.60000000000055
1.0650000000111959,4.777000000046883,-0.6999999999999886,57.70000000000055
1.0650000000111959,4.777000000046883,-0.6999999999999886,57.80000000000055
1.0650000000111959,4.777000000046883,-0.6999999999999886,57.90000000000055
1.0590000000121336,4.796000000055756,-0.6899999999999977,58.000000000000554
1.0590000000121336,4.796000000055756,-0.6899999999999977,58.100000000000556
1.0559999999770753,4.830000000026757,-0.7300000000000182,58.20000000000056
1.0559999999770753,4.830000000026757,-0.7300000000000182,58.30000000000056
1.0559999999770753,4.830000000026757,-0.7300000000000182,58.40000000000056
1.0590000000121336,4.858000000069751,-0.6899999999999977,58.50000000000056
1.0590000000121336,4.858000000069751,-0.6899999999999977,58.60000000000056
1.0619999999761376,4.877000000078624,-0.7100000000000364,58.700000000000564
1.0619999999761376,4.877000000078624,-0.7100000000000364,58.800000000000566
1.0619999999761376,4.877000000078624,-0.7100000000000364,58.90000000000057
1.0600000000238197,4.885999999970636,-0.6999999999999886,59.00000000000057
1.0600000000238197,4.885999999970636,-0.6999999999999886,59.10000000000057
1.0550000000364435,4.885999999970636,-0.6800000000000068,59.20000000000057
1.0550000000364435,4.885999999970636,-0.6800000000000068,59.30000000000057
1.0550000000364435,4.885999999970636,-0.6800000000000068,59.400000000000574
1.0520000000013852,4.885999999970636,-0.6400000000000432,59.500000000000576
1.0520000000013852,4.885999999970636,-0.6400000000000432,59.60000000000058
1.049999999978013,4.882000000066,-0.5800000000000409,59.70000000000058
1.049999999978013,4.882000000066,-0.5800000000000409,59.80000000000058
1.049999999978013,4.882000000066,-0.5800000000000409,59.90000000000058
1.048000000025695,4.879000000101996,-0.5,60.00000000000058
1.048000000025695,4.879000000101996,-0.5,60.100000000000584
1.0449999999906368,4.880000000042628,-0.4300000000000068,60.200000000000585
1.0449999999906368,4.880000000042628,-0.4300000000000068,60.30000000000059
1.0449999999906368,4.880000000042628,-0.4300000000000068,60.40000000000059
1.0420000000266327,4.880000000042628,-0.35000000000002274,60.50000000000059
1.0420000000266327,4.880000000042628,-0.35000000000002274,60.60000000000059
1.0389999999915744,4.875000000055252,-0.29000000000002046,60.70000000000059
1.0389999999915744,4.875000000055252,-0.29000000000002046,60.800000000000594
1.0389999999915744,4.875000000055252,-0.29000000000002046,60.900000000000595
1.0410000000149466,4.856000000046379,-0.2300000000000182,61.0000000000006
1.0410000000149466,4.856000000046379,-0.2300000000000182,61.1000000000006
1.0400000000032605,4.823000000016009,-0.18000000000000682,61.2000000000006
1.0400000000032605,4.823000000016009,-0.18000000000000682,61.3000000000006
1.0400000000032605,4.823000000016009,-0.18000000000000682,61.4000000000006
1.0350000000158843,4.780000000010887,-0.12999999999999545,61.500000000000604
1.0350000000158843,4.780000000010887,-0.12999999999999545,61.600000000000605
1.0329999999925121,4.737000000005764,-0.1400000000000432,61.70000000000061
1.0329999999925121,4.737000000005764,-0.1400000000000432,61.80000000000061
1.0370000000392565,4.6820000000025175,-0.10000000000002274,61.90000000000061
1.0370000000392565,4.6820000000025175,-0.10000000000002274,62.00000000000061
1.0370000000392565,4.6820000000025175,-0.10000000000002274,62.10000000000061
1.0389999999915744,4.626000000058639,-0.08000000000004093,62.200000000000614
1.0389999999915744,4.626000000058639,-0.08000000000004093,62.300000000000615
1.0400000000032605,4.566000000068016,-0.09000000000003183,62.40000000000062
1.0400000000032605,4.566000000068016,-0.09000000000003183,62.50000000000062
1.0400000000032605,4.566000000068016,-0.09000000000003183,62.60000000000062
1.0400000000032605,4.512000000005401,-0.10000000000002274,62.70000000000062
1.0400000000032605,4.512000000005401,-0.10000000000002274,62.80000000000062
1.0400000000032605,4.4549999999787815,-0.18000000000000682,62.900000000000624
1.0400000000032605,4.4549999999787815,-0.18000000000000682,63.000000000000625
1.0400000000032605,4.4549999999787815,-0.18000000000000682,63.10000000000063
1.0389999999915744,4.399999999975535,-0.2599999999999909,63.20000000000063
1.0389999999915744,4.399999999975535,-0.2599999999999909,63.30000000000063
1.0410000000149466,4.332999999974163,-0.4300000000000068,63.40000000000063
1.0410000000149466,4.332999999974163,-0.4300000000000068,63.50000000000063
1.0410000000149466,4.332999999974163,-0.4300000000000068,63.600000000000634
1.0439999999789507,4.267000000055532,-0.5600000000000023,63.700000000000635
1.0439999999789507,4.267000000055532,-0.5600000000000023,63.80000000000064
1.049999999978013,4.181999999985919,-0.7700000000000387,63.90000000000064
1.049999999978013,4.181999999985919,-0.7700000000000387,64.00000000000064
1.049999999978013,4.181999999985919,-0.7700000000000387,64.10000000000063
1.0430000000383188,4.081000000013546,-0.7700000000000387,64.20000000000063
1.0430000000383188,4.081000000013546,-0.7700000000000387,64.30000000000062
1.028000000005136,3.9619999999729316,-0.8199999999999932,64.40000000000062
1.028000000005136,3.9619999999729316,-0.8199999999999932,64.50000000000061
1.028000000005136,3.9619999999729316,-0.8199999999999932,64.6000000000006
1.0069999999728907,3.8330000000996733,-0.7599999999999909,64.7000000000006
1.0069999999728907,3.8330000000996733,-0.7599999999999909,64.8000000000006
0.9940000000341342,3.697000000073558,-0.8900000000000432,64.90000000000059
0.9940000000341342,3.697000000073558,-0.8900000000000432,65.00000000000058
0.9940000000341342,3.697000000073558,-0.8900000000000432,65.10000000000058
0.9779999999892652,3.5590000000240707,-0.9800000000000182,65.20000000000057
0.9779999999892652,3.5590000000240707,-0.9800000000000182,65.30000000000057
0.9550000000047021,3.410999999999831,-1.0500000000000114,65.40000000000056
0.9550000000047021,3.410999999999831,-1.0500000000000114,65.50000000000055
0.9550000000047021,3.410999999999831,-1.0500000000000114,65.60000000000055
0.9260000000210766,3.2660000000817035,-1.0,65.70000000000054
0.9260000000210766,3.2660000000817035,-1.0,65.80000000000054
0.8900000000267028,3.109000000023343,-0.9600000000000364,65.90000000000053
0.8900000000267028,3.109000000023343,-0.9600000000000364,66.00000000000053
0.8900000000267028,3.109000000023343,-0.9600000000000364,66.10000000000052
0.8480000000332666,2.953999999988355,-0.8199999999999932,66.20000000000051
0.8480000000332666,2.953999999988355,-0.8199999999999932,66.30000000000051
0.8040000000164582,2.803000000000111,-0.7800000000000296,66.4000000000005
0.8040000000164582,2.803000000000111,-0.7800000000000296,66.5000000000005
0.8040000000164582,2.803000000000111,-0.7800000000000296,66.60000000000049
0.762000000023022,2.6590000000226155,-0.6500000000000341,66.70000000000049
0.762000000023022,2.6590000000226155,-0.6500000000000341,66.80000000000048
0.7159999999828415,2.515999999985752,-0.5699999999999932,66.90000000000047
0.7159999999828415,2.515999999985752,-0.5699999999999932,67.00000000000047
0.7159999999828415,2.515999999985752,-0.5699999999999932,67.10000000000046
0.6669999999786569,2.378000000078373,-0.37999999999999545,67.20000000000046
0.6669999999786569,2.378000000078373,-0.37999999999999545,67.30000000000045
0.6179999999744723,2.24400000007563,-0.2400000000000091,67.40000000000045
0.6179999999744723,2.24400000007563,-0.2400000000000091,67.50000000000044
0.6179999999744723,2.24400000007563,-0.2400000000000091,67.60000000000043
0.5699999999819738,2.120999999988271,-0.020000000000038654,67.70000000000043
0.5699999999819738,2.120999999988271,-0.020000000000038654,67.80000000000042
0.5250000000245336,1.998000000043021,0.12999999999999545,67.90000000000042
0.5250000000245336,1.998000000043021,0.12999999999999545,68.00000000000041
0.48200000001941135,1.8880000000365271,0.3299999999999841,68.1000000000004
0.48200000001941135,1.8880000000365271,0.3299999999999841,68.2000000000004
0.48200000001941135,1.8880000000365271,0.3299999999999841,68.3000000000004
0.4429999999899792,1.7859999999814136,0.39999999999997726,68.40000000000039
0.4429999999899792,1.7859999999814136,0.39999999999997726,68.50000000000038
0.4090000000189775,1.6949999999837928,0.5399999999999636,68.60000000000038
0.4090000000189775,1.6949999999837928,0.5399999999999636,68.70000000000037
0.4090000000189775,1.6949999999837928,0.5399999999999636,68.80000000000037
0.3809999999759839,1.6130000000202926,0.5699999999999932,68.90000000000036
0.3809999999759839,1.6130000000202926,0.5699999999999932,69.00000000000036
0.3550000000274167,1.538000000067541,0.6699999999999591,69.10000000000035
0.3550000000274167,1.538000000067541,0.6699999999999591,69.20000000000034
0.3550000000274167,1.538000000067541,0.6699999999999591,69.30000000000034
0.3269999999844231,1.469999999983429,0.6899999999999977,69.40000000000033
0.3269999999844231,1.469999999983429,0.6899999999999977,69.50000000000033
0.30199999997648774,1.4130000000989185,0.6899999999999977,69.60000000000032
0.30199999997648774,1.4130000000989185,0.6899999999999977,69.70000000000032
0.30199999997648774,1.4130000000989185,0.6899999999999977,69.80000000000031
0.2890000000377313,1.3640000000236796,0.589999999999975,69.9000000000003
0.2890000000377313,1.3640000000236796,0.589999999999975,70.0000000000003
0.2810000000152968,1.314000000007809,0.5199999999999818,70.10000000000029
0.2810000000152968,1.314000000007809,0.5199999999999818,70.20000000000029
0.2810000000152968,1.314000000007809,0.5199999999999818,70.30000000000028
0.2719999999811762,1.261999999968566,0.4399999999999977,70.40000000000028
0.2719999999811762,1.261999999968566,0.4399999999999977,70.50000000000027
0.2649999999704278,1.2060000000246873,0.40999999999996817,70.60000000000026
0.2649999999704278,1.2060000000246873,0.40999999999996817,70.70000000000026
0.2649999999704278,1.2060000000246873,0.40999999999996817,70.80000000000025
0.25800000003073364,1.1560000000088166,0.3199999999999932,70.90000000000025
0.25800000003073364,1.1560000000088166,0.3199999999999932,71.00000000000024
0.25100000001998524,1.103000000028942,0.30000000000001137,71.10000000000024
0.25100000001998524,1.103000000028942,0.30000000000001137,71.20000000000023
0.25100000001998524,1.103000000028942,0.30000000000001137,71.30000000000022
0.24400000000923683,1.050999999989699,0.30000000000001137,71.40000000000022
0.24400000000923683,1.050999999989699,0.30000000000001137,71.50000000000021
0.23699999999848842,1.0009999999738284,0.3199999999999932,71.60000000000021
0.23699999999848842,1.0009999999738284,0.3199999999999932,71.7000000000002
0.23699999999848842,1.0009999999738284,0.3199999999999932,71.8000000000002
0.22999999998774,0.9590000000514465,0.3299999999999841,71.90000000000019
0.22999999998774,0.9590000000514465,0.3299999999999841,72.00000000000018
0.227000000023736,0.9210000000337004,0.3499999999999659,72.10000000000018
0.227000000023736,0.9210000000337004,0.3499999999999659,72.20000000000017
0.22100000002467368,0.8809999999925822,0.37999999999999545,72.30000000000017
0.22100000002467368,0.8809999999925822,0.37999999999999545,72.40000000000016
0.22100000002467368,0.8809999999925822,0.37999999999999545,72.50000000000016
0.2179999999896154,0.834000000082824,0.38999999999998636,72.60000000000015
0.2179999999896154,0.834000000082824,0.38999999999998636,72.70000000000014
0.2169999999779293,0.7890000000543296,0.40999999999996817,72.80000000000014
0.2169999999779293,0.7890000000543296,0.40999999999996817,72.90000000000013
0.2169999999779293,0.7890000000543296,0.40999999999996817,73.00000000000013
0.21300000000223918,0.7540000000005875,0.37000000000000455,73.10000000000012
0.21300000000223918,0.7540000000005875,0.37000000000000455,73.20000000000012
0.20700000000317686,0.7329999999683423,0.339999999999975,73.30000000000011
0.20700000000317686,0.7329999999683423,0.339999999999975,73.4000000000001
0.20700000000317686,0.7329999999683423,0.339999999999975,73.5000000000001
0.20499999997980467,0.7089999999720931,0.18999999999999773,73.6000000000001
0.20499999997980467,0.7089999999720931,0.18999999999999773,73.70000000000009
0.20800000001486296,0.6890000000225882,0.07999999999998408,73.80000000000008
0.20800000001486296,0.6890000000225882,0.07999999999998408,73.90000000000008
0.20800000001486296,0.6890000000225882,0.07999999999998408,74.00000000000007
0.21300000000223918,0.6609999999795946,-0.1500000000000341,74.10000000000007
0.21300000000223918,0.6609999999795946,-0.1500000000000341,74.20000000000006
0.2190000000013015,0.6380000000660857,-0.27000000000003865,74.30000000000005
0.2190000000013015,0.6380000000660857,-0.27000000000003865,74.40000000000005
0.2190000000013015,0.6380000000660857,-0.27000000000003865,74.50000000000004
0.2250000000003638,0.6100000000230921,-0.44999999999998863,74.60000000000004
0.2250000000003638,0.6100000000230921,-0.44999999999998863,74.70000000000003
0.2320000000111122,0.5840000000034706,-0.5400000000000205,74.80000000000003
0.2320000000111122,0.5840000000034706,-0.5400000000000205,74.90000000000002
0.2320000000111122,0.5840000000034706,-0.5400000000000205,75.00000000000001
0.24099999997417854,0.5509999999731008,-0.7100000000000364,75.10000000000001
0.24099999997417854,0.5509999999731008,-0.7100000000000364,75.2
0.25100000001998524,0.5140000000380951,-0.7400000000000091,75.3
0.25100000001998524,0.5140000000380951,-0.7400000000000091,75.39999999999999
0.25100000001998524,0.5140000000380951,-0.7400000000000091,75.49999999999999
0.25700000001904755,0.46499999996285624,-0.7900000000000205,75.59999999999998
0.25700000001904755,0.46499999996285624,-0.7900000000000205,75.69999999999997
0.26400000002979596,0.41699999997035775,-0.7400000000000091,75.79999999999997
0.26400000002979596,0.41699999997035775,-0.7400000000000091,75.89999999999996
0.26400000002979596,0.41699999997035775,-0.7400000000000091,75.99999999999996
0.2709999999694901,0.36600000001385524,-0.7400000000000091,76.09999999999995
0.2709999999694901,0.36600000001385524,-0.7400000000000091,76.19999999999995
0.2789999999919246,0.31399999997461236,-0.6299999999999955,76.29999999999994
0.2789999999919246,0.31399999997461236,-0.6299999999999955,76.39999999999993
0.2789999999919246,0.31399999997461236,-0.6299999999999955,76.49999999999993
0.283000000038669,0.26400000010085023,-0.5800000000000409,76.59999999999992
0.283000000038669,0.26400000010085023,-0.5800000000000409,76.69999999999992
0.2890000000377313,0.22799999996436782,-0.5300000000000296,76.79999999999991
0.2890000000377313,0.22799999996436782,-0.5300000000000296,76.8999999999999
0.2890000000377313,0.22799999996436782,-0.5300000000000296,76.9999999999999
0.30199999997648774,0.20700000007423114,-0.5300000000000296,77.0999999999999
0.30199999997648774,0.20700000007423114,-0.5300000000000296,77.19999999999989
0.32400000002041907,0.19600000001673834,-0.5900000000000318,77.29999999999988
0.32400000002041907,0.19600000001673834,-0.5900000000000318,77.39999999999988
0.32400000002041907,0.19600000001673834,-0.5900000000000318,77.49999999999987
0.3519999999923584,0.1830000000779819,-0.6100000000000136,77.59999999999987
0.3519999999923584,0.1830000000779819,-0.6100000000000136,77.69999999999986
0.3889999999984184,0.17300000010322947,-0.6500000000000341,77.79999999999986
0.3889999999984184,0.17300000010322947,-0.6500000000000341,77.89999999999985
0.43200000000354066,0.1679999999737447,-0.6400000000000432,77.99999999999984
0.43200000000354066,0.1679999999737447,-0.6400000000000432,78.09999999999984
0.43200000000354066,0.1679999999737447,-0.6400000000000432,78.19999999999983
0.4700000000212867,0.16900000005648508,-0.6000000000000227,78.29999999999983
0.4700000000212867,0.16900000005648508,-0.6000000000000227,78.39999999999982
0.5050000000039745,0.1740000000438613,-0.5800000000000409,78.49999999999982
0.5050000000039745,0.1740000000438613,-0.5800000000000409,78.59999999999981
0.5050000000039745,0.1740000000438613,-0.5800000000000409,78.6999999999998
0.5329999999759139,0.1760000000672335,-0.4900000000000091,78.7999999999998
0.5329999999759139,0.1760000000672335,-0.4900000000000091,78.89999999999979
0.5560000000315313,0.1810000000546097,-0.4700000000000273,78.99999999999979
0.5560000000315313,0.1810000000546097,-0.4700000000000273,79.09999999999978
0.5560000000315313,0.1810000000546097,-0.4700000000000273,79.19999999999978
0.5699999999819738,0.19199999996999395,-0.3900000000000432,79.29999999999977
0.5699999999819738,0.19199999996999395,-0.3900000000000432,79.39999999999976
0.5800000000277805,0.21300000000223918,-0.37000000000000455,79.49999999999976
0.5800000000277805,0.21300000000223918,-0.37000000000000455,79.59999999999975
